{"cameraMode":{"drawMode":0,"name":"Shaded","section":"Shading Mode"},"sceneLighting":true,"audioPlay":false,"sceneViewState":{"m_AlwaysRefresh":false,"showFog":true,"showSkybox":true,"showFlares":true,"showImageEffects":true,"showParticleSystems":true,"showVisualEffectGraphs":true,"m_FxEnabled":true},"in2DMode":false,"pivot":{"x":-25.539493560791017,"y":-56.17533493041992,"z":236.5621337890625},"rotation":{"x":-0.12163476645946503,"y":0.05329141393303871,"z":-0.0065363673493266109,"w":-0.9911514520645142},"size":129.00172424316407,"orthographic":false}